uid,mtime,uname,vipType,level,sex,sign
1592903297,1630580166,谦某,0,0,保密,
1361419656,1630580083,bili_25853565807,0,0,保密,
350701106,1630580087,阿米国的树袋熊,0,2,女,本命金多贤，金南俊，墙头TXT、ITZY申留真等等
223471367,1630580417,小米toto,2,2,保密,
1553445869,1630580393,bili_34393524853,0,0,保密,
1518393668,1630580147,bili_18394610014,0,0,保密,
1727904140,1630580363,bili_71775238268,0,0,保密,
1027456383,1630580067,明曰_,0,3,保密,
1313205288,1630580058,bili_36102911729,0,1,保密,
1564472199,1630580002,bili_60003868704,0,0,保密,
1994780841,1630580026,bili_86813560637,0,0,保密,
1437556708,1630580372,bili_53733487525,0,0,保密,
1746815411,1630580126,你好最新,0,2,保密,
2132446393,1630580174,影之长歌,1,2,保密,
638574696,1630580168,钻石osij,0,2,保密,
363897760,1630580280,胖胖的纸老虎,0,2,保密,
1744797625,1630580061,bili_87277260971,0,0,保密,
43703004,1630579890,彩虹味的蓝狸子owo,1,5,保密,见过你 就不算平凡的一生
701665836,1630579833,酷酷飞雪,0,0,保密,
490078701,1630579838,没名怎么办呀,1,4,保密,
1646594092,1630580040,bili_81034619660,0,0,保密,
503073211,1630579799,dopo,0,2,保密,
648002683,1630579699,bili_18604906445,0,0,保密,
1203134325,1630580396,bili_72704656996,0,0,保密,
691613184,1630579747,bili_66704244962,0,0,保密,
1011495286,1630580282,bili_93964071730,0,3,保密,
1007951809,1630579997,bili_49354603237,0,0,保密,
419783267,1630579696,17630267586_bili,2,3,保密,
1630696208,1630579637,bili_22764046303,0,0,保密,
1149474760,1630579785,bili_81851741320,0,0,保密,
521552459,1630579901,真不妙啊,0,2,保密,
1691812601,1630579646,张天成粉丝1234,0,2,男,开心一笑，天成最帅。
1748386298,1630579675,bili_76114418845,0,0,保密,
1585640415,1630579643,bili_16910540530,1,0,保密,
1081537118,1630580028,bili_48252753900,0,0,保密,
1825609680,1630579599,不好吃的瓜瓜乐,0,2,保密,学生党
1704211802,1630579548,bili_46812193154,0,0,保密,
1173820190,1630579439,bili_44230337702,0,2,保密,
1451662653,1630579523,小十不拾月,0,3,保密,嗨你好!这里是已经去世了的拾月! 对，基本上是已经废掉了【瘫】     没啦……
1801267670,1630579473,科技馆经理,0,2,保密,
689495850,1630579395,阿瑟大声aa,0,2,保密,
1240153894,1630579629,bili_64356238857,0,0,保密,
50486538,1630579439,GDGDGO,1,3,保密,我这个人懒死了，什么都没有写……
1738244076,1630579311,bili_85828531692,0,0,保密,
525438067,1630579296,TL_隐士,0,3,保密,
1160271741,1630579434,bili_20183143130,0,0,保密,
259647795,1630579250,阿卡莱莱,1,4,保密,
1782910367,1630579411,凯王123,0,2,保密,
2027153251,1630579271,LMJCN,0,2,保密,
1823687521,1630579135,bili_57768213868,0,0,保密,
318975310,1630579353,西瓜霸霸,1,4,保密,嗝
1513609095,1630579197,乚你,0,0,保密,
1120166853,1630579551,bili_55010520170,0,0,保密,
1444773115,1630579129,bili_87314443503,0,0,保密,
650775779,1630579088,bili_21945286587,0,0,保密,
491006600,1630579024,秋雨秋风秋意浓,1,3,保密,
1061309799,1630579496,bili_19095104239,0,0,保密,
1329509178,1630579247,尹锦源,0,0,保密,
375495958,1630578933,苏愔愔愔,0,3,保密,
389707850,1630579421,尘乄羽,2,5,男,
1224542175,1630578965,bili_53486134712,0,0,保密,
2043619112,1630579271,bili_99394544972,0,0,保密,
1323390994,1630578933,bili_94973785790,0,0,保密,
1490680643,1630578941,bili_24887113381,0,0,保密,
1591564666,1630578891,bili_13830885941,0,0,保密,
1234894350,1630579863,bili_75729015232,0,0,保密,
54003986,1630579012,sunnyxu1128,0,2,保密,
382462396,1630578847,言念wuw,1,5,保密,我曾赤诚天真地爱过你，除了伤心难过，一无所得。若干年后我想起，能够说出“我曾赤诚天真爱过一个人”，这是一生之中，我最为安慰的事情。 
1304854956,1630578812,bili_22426394545,0,0,保密,
23285789,1630578799,废柴梦,1,6,男,
1052445878,1630578720,哦杨梅Styt,0,2,男,整合包制作技术一流的我的世界玩家
1548895156,1630578789,bili_94453699680,0,0,保密,
1471817205,1630578774,bili_58385720113,0,0,保密,
403593033,1630579501,rtegeut6987,0,3,男,
1560081745,1630578890,bili_96397907356,0,0,保密,
531529367,1630578710,实体303a,0,2,保密,
1156763567,1630578872,bili_98646096826,1,0,保密,
1994439608,1630578691,开小差去了呢,0,0,保密,
15561564,1630578848,sally唐,0,5,保密,
535081905,1630578656,叶離,1,4,保密,
1295967101,1630578677,bili_66539674397,0,1,保密,
1868728007,1630578615,bili_36751596088,0,0,保密,
1511656064,1630578541,bili_12354995787,0,0,保密,
2012782806,1630578579,意涵py,0,0,保密,
593453673,1630578568,冰塘雪粒,0,3,男,呵呵呵
1585308978,1630578408,ffhhfffgyhggffff,0,2,保密,
1399213677,1630578513,bili_13384740903,0,0,保密,
1616135102,1630578485,bili_10270387980,0,0,保密,
1274200961,1630578438,JamesChengcsv,0,2,保密,
173889149,1630578434,星空霸者,0,0,保密,随风 
321814192,1630578351,鼠狼君-2007,2,5,保密,一个为吉他、篮球、学习而放弃一切的憨批
673937140,1630578760,NINGgeigei,0,0,保密,
1714293164,1630578423,bili_28335264319,0,0,保密,
494885269,1630578492,请问你还有名字吗,0,3,保密,
2138290211,1630578300,bili_98060370140,0,0,保密,
550408785,1630578181,滑稽doge_doge,1,3,保密,
470074362,1630578091,陈家漩,1,2,保密,
524639255,1630578222,1-3-7-9号监听员,0,2,保密,
1633928689,1630578183,ouiaouia,0,2,保密,
1036573404,1630578221,bili_36198607517,0,0,保密,
1365028584,1630578008,听雪PDL,0,0,保密,
528548132,1630578085,bili_99480301349,0,2,保密,
225475106,1630577992,by艾琳,1,5,保密,不会画画大屑逼
1457270200,1630577899,bili_33321576069,0,0,保密,
515206938,1630577990,之下次,1,3,保密,
1514204897,1630577932,bili_47820721046,0,0,保密,
471450339,1630578326,bili_20501602029,0,3,保密,
544107182,1630577853,东木木啊,0,3,保密,这个人不懒，写了一点东西
503981190,1630578792,bili_31771596645,1,0,保密,
514431938,1630578716,bili_47548638463,0,0,保密,
1411073196,1630577761,bili_82843711128,0,0,保密,
1225132060,1630578002,bili_82034502891,0,0,保密,
4575833,1630578088,让麻匪飞一会儿,2,5,保密,
505546196,1630577708,bili_41614165055,0,1,保密,
552137550,1630577806,bili_91460838723,1,3,保密,
1101726207,1630577753,bili_86896994325,0,0,保密,
2061545093,1630577872,bili_93069427284,0,0,保密,
175508991,1630578281,哲子的胖次,0,2,保密,
24473746,1630577662,叽叽呱呱哦哦哦,0,2,保密,
1830414139,1630577934,小泥喵,1,3,保密,
2054063965,1630577632,bili_16696383524,0,0,保密,
1736243690,1630577670,bili_65327916325,0,0,保密,
668725067,1630577843,熢鵔耗,0,3,保密,一个叫跟熢鵔耗同音的小学生
1931125569,1630577485,bili_68239375890,0,0,保密,
1296755825,1630577436,bili_13639136298,0,0,保密,
516957195,1630577350,红色小鸽鸽,0,4,男,哇，这里可以玩啊！
1199583826,1630577372,bili_69178937433,0,0,保密,
1366727202,1630577204,bili_88458434089,0,0,保密,
1108913223,1630577748,余铭OvO,0,2,保密,
1415068846,1630577278,bili_90942379869,0,0,保密,
1632606414,1630577286,bili_91396439292,0,0,保密,
1150247564,1630577280,bili_28379183669,0,0,保密,
28113861,1630577228,花小黎吖,2,4,女,介绍什么的最讨厌了
504198160,1630577148,bili_85199240883,0,4,保密,
1228458903,1630577511,bili_19109205666,0,0,保密,
1740614452,1630577063,宋你离开去吃馒头,0,2,保密,
1509378413,1630577039,bili_28309073212,0,1,保密,
1486750038,1630577010,bili_83731034632,0,0,保密,
1852051338,1630576852,waoqA9,0,3,保密,
618601745,1630576859,bili_55953368487,0,0,保密,
1857203083,1630576828,bili_28377469924,0,0,保密,
501816043,1630577297,bili_75896112963,0,3,保密,
1036869927,1630576808,燕燕768652,0,0,保密,
1376496082,1630576946,bili_33305764575,0,0,保密,
1895735922,1630577693,bili_42981134105,0,0,保密,
1770724154,1630576794,bili_92660093823,0,0,保密,
1103225900,1630577223,bili_35371389590,0,0,保密,
666703282,1630576548,该呀迪迦,0,2,保密,
441184474,1630576543,bili_74376964136,0,0,保密,
630063293,1630576643,爱打兔子的屑枪,0,3,保密,
516963691,1630576654,bili_43338312195,0,0,保密,
1736218959,1630577562,御坂4737号,1,3,保密,
1854270511,1630576666,bili_36078907542,0,0,保密,
454176132,1630576784,污神本神敲可爱,0,2,保密,15339
1592383020,1630577024,纸鱼粉丝123,0,3,保密,
2107490371,1630576541,快乐的庆贺人,0,2,保密,
97873204,1630576514,AsnarS,1,0,保密,
1873694721,1630576328,bili_99752085062,0,0,保密,
1452907351,1630576336,bili_61831392717,0,0,保密,
393591511,1630576320,61775446495_bili,0,0,保密,
520450784,1630576458,夜色茫茫罩四周,1,3,保密,
691359047,1630576463,韩亦姜,0,2,保密,
487033518,1630576550,东风无意助周郎,0,4,保密,
1221405144,1630576320,bili_95014343911,0,0,保密,
1141956828,1630576759,bili_24701589793,0,0,保密,
2015881679,1630576369,bili_54980705099,0,0,保密,
1318056088,1630576129,bili_16982430020,0,0,保密,
1584327152,1630576163,bili_56203207183,0,0,保密,
1388819583,1630576321,渣渣-FISH-,1,2,男,一个希望以后做up主的CZS  注（不是XXS）
1559671891,1630580391,bili_35975462065,0,0,保密,
1987767182,1630576038,渺雀_,0,3,保密,
1715663229,1630576254,minecraft-付建筑大师,0,2,保密,
1998381684,1630576009,包包volume,0,2,保密,注意种子
478917156,1630575902,老王家隔壁的二哈,1,3,保密,
1705422020,1630575821,番茄酱喵呜,0,2,女,这么可爱 一定是小姑娘呀
666988014,1630575821,氵衮蛋啊,1,3,保密,
178152525,1630576213,我我我是OG,0,4,保密,我走路带风，可以这么形容.
1176203736,1630575831,bili_94989796380,0,3,保密,
650416961,1630575743,化了的台,0,2,保密,
1790884566,1630576421,bili_13708339505,1,0,保密,
601952949,1630575513,bili_11329478661,0,0,保密,
1722896280,1630575843,bili_23639783205,0,0,保密,
1753632521,1630576134,恢恢嗷,0,2,保密,
1944637340,1630575533,bili_18575830627,0,0,保密,
1140019112,1630576226,bili_54916634513,0,0,保密,
1357438009,1630575672,凹凸世界默涵,0,2,保密,
1256884690,1630575587,bili_22743917149,0,0,保密,
1824873886,1630575370,我是地狱弗莱迪,0,0,保密,
433710461,1630575316,85212252146_bili,0,0,保密,
159155115,1630575322,直接了魔攻,0,0,保密,
526463487,1630575361,HuNe玖吉,0,3,保密,
1840466817,1630575570,木木么马,0,2,保密,
218534455,1630576596,啦啦啦啦啦啦我是你威哥,0,2,保密,
1439016081,1630575112,bili_55632086434,0,0,保密,
1642243903,1630575418,bili_25046798268,0,0,保密,
1702346721,1630580287,bili_35497495219,0,0,保密,
1171257200,1630576181,bili_48206124575,0,0,保密,
2093617270,1630574987,bili_13276211986,0,0,保密,
2003157280,1630575366,bili_93920489301,0,0,保密,
1552778490,1630574937,bili_42735041574,0,0,保密,
1591827052,1630574978,bili_67738012385,0,1,保密,
1782244062,1630574885,bili_44292459588,0,2,保密,
2109176865,1630574705,bili_27234399423,0,0,保密,
1162238293,1630575131,bili_20272193478,0,0,保密,
2109771706,1630574703,bili_36468569743,0,0,保密,
456738254,1630574686,温水煮青蛙3,1,2,保密,知世故而不世故才是最淡然的成熟
488860005,1630575086,Ovemnbb,0,0,保密,
1023470441,1630575672,bili_13545796192,0,0,保密,
1804407292,1630574653,bili_22289531950,0,0,保密,
393342653,1630574543,PDB_ZilchRange,1,4,保密,大家好 我是ZR 一个有才华却被埋没的up 精通欧洲历史 画地图 文明时代2 电音 足球 因学习不定期更新 求三连 关注
1398633284,1630576313,宋海城,0,2,保密,
1548241577,1630574697,bili_79688959728,0,0,保密,
2048154075,1630575411,bili_42072951974,0,0,保密,
375708408,1630574681,神乐丿星灬,0,2,保密,
1893703463,1630574638,bili_28280846163,0,0,保密,
85856899,1630574424,CC陈某某,1,2,女,无个性。不签名
1994670128,1630575201,bili_50395278018,0,0,保密,
1886050729,1630574494,一叶秋冬_,0,2,保密,
1400939401,1630574494,bili_95615029154,0,0,保密,
1108910572,1630574518,bili_33342602205,0,0,保密,
698321184,1630574241,卖老冰棍的小卖铺,0,2,保密,
357705577,1630574478,栀楠烟,0,4,保密,
390373283,1630575299,折扇亦相思,0,2,保密,
1416579682,1630574170,bili_84132257760,0,0,保密,
1200797676,1630574643,羽出东耀,0,2,保密,
497443859,1630574428,一只路人亢,0,4,保密,这个人超懒的，什么都没有写啊
550411595,1630574106,山羊胡铯大叔,2,3,保密,
1430727980,1630574848,你不用管的名字,0,2,保密,
1835579575,1630574769,bili_70079909754,0,0,保密,
52916827,1630574220,感冒不咳嗽,2,6,保密,介绍一下自己吧
646150971,1630573822,别咬牙咬我,0,2,保密,
452178843,1630573677,罗彧Ouroboros,1,2,保密,
521824343,1630573998,米迦君心酱,1,0,保密,最喜欢米迦君了~                                            心酱~
503796983,1630575231,lq林清,1,4,保密,
413252698,1630574204,栀暖棠深l,0,0,保密,
1897198699,1630573720,bili_87904385854,0,0,保密,
1582398502,1630573902,bili_11548355231,0,0,保密,
1170390729,1630573630,bili_82367450980,0,0,保密,
1453637599,1630573660,bili_50804757336,0,0,保密,
1713747116,1630573647,bili_50943512228,0,0,保密,
259849986,1630573734,大大大大牧尘,0,0,保密,
1010740455,1630573674,靓仔356,0,2,保密,
1632518652,1630573916,bili_46970630630,0,0,保密,
1233405459,1630574372,bili_79254383861,0,0,保密,
1441849411,1630573539,苏钦宜,0,2,女,
399606588,1630574518,么么哒iiiiiIIII,0,3,保密,没有（呵呵）
271647121,1630573437,糖果8915,0,0,保密,
694441933,1630574039,bili_60801890279,0,0,保密,
457389360,1630574445,M-0123,1,3,保密,
79184215,1630576231,ironmanisme,0,3,保密,
